u,media,latido1,latido2,latido3
0.000000000000000000e+00,5.000050767012584330e-02,5.000002932529328675e-02,5.000130663984898860e-02,5.000018704523526841e-02
1.000000000000000021e-02,1.168599640913426246e-01,1.107311959731045597e-01,1.102994745744904775e-01,1.295492217264328505e-01
2.000000000000000042e-02,1.610091302880770625e-01,1.620594815440231928e-01,1.461568997102813405e-01,1.748110096099267097e-01
2.999999999999999889e-02,1.796442265314620312e-01,1.908412472215747779e-01,1.629044845946277242e-01,1.851869477781835915e-01
4.000000000000000083e-02,1.964531810023123493e-01,2.101792072915904253e-01,1.748848014678939244e-01,2.042955342474526981e-01
5.000000000000000278e-02,2.245301841783976793e-01,2.337266615053985863e-01,2.017142623120352640e-01,2.381496287177591875e-01
5.999999999999999778e-02,2.613213434182453665e-01,2.726961245260753341e-01,2.372601623160272288e-01,2.740077434126334532e-01
7.000000000000000666e-02,2.995694728572386167e-01,3.120138008091711268e-01,2.771072837298867442e-01,3.095873340326579792e-01
8.000000000000000167e-02,3.386348367027429695e-01,3.493884817606692228e-01,3.189242057872952452e-01,3.475918225602645517e-01
8.999999999999999667e-02,3.787480891384798487e-01,3.874094138253575959e-01,3.597348447508847968e-01,3.891000088391972089e-01
1.000000000000000056e-01,4.175602649061678773e-01,4.238313007169847157e-01,3.998541727229980580e-01,4.289953212785210246e-01
1.100000000000000006e-01,4.546725307591247822e-01,4.591484672457680216e-01,4.365167416081907059e-01,4.683523834234154526e-01
1.199999999999999956e-01,4.913389252426988985e-01,4.955201159261327093e-01,4.729411884037443836e-01,5.055554713982194359e-01
1.300000000000000044e-01,5.255388629813712020e-01,5.315173611822557875e-01,5.080152022936162970e-01,5.370840254682412995e-01
1.400000000000000133e-01,5.560047500447063973e-01,5.619893074566185698e-01,5.417292477016812935e-01,5.642956949758193286e-01
1.499999999999999944e-01,5.853839504929906346e-01,5.909665383734007404e-01,5.714085340510720590e-01,5.937767790544988822e-01
1.600000000000000033e-01,6.190637123071077719e-01,6.243915634331209663e-01,6.052643255219782858e-01,6.275352479662239524e-01
1.700000000000000122e-01,6.512053932336733242e-01,6.561747673705127237e-01,6.397728147424707190e-01,6.576685975880363078e-01
1.799999999999999933e-01,6.791135860325999696e-01,6.852935687629977402e-01,6.681286606436949160e-01,6.839185286911074746e-01
1.900000000000000022e-01,7.045849764924585479e-01,7.112235369511469285e-01,6.909532709054293509e-01,7.115781216207993642e-01
2.000000000000000111e-01,7.312360743059622692e-01,7.370055201264373856e-01,7.183443258705881629e-01,7.383583769208610370e-01
2.099999999999999922e-01,7.570040145307640467e-01,7.609226706635462412e-01,7.477700016218064016e-01,7.623193713069396082e-01
2.200000000000000011e-01,7.801840605350203184e-01,7.842502236404937932e-01,7.711195129412059535e-01,7.851824450233609864e-01
2.300000000000000100e-01,8.013537179042641290e-01,8.059402070866156231e-01,7.917766632995236753e-01,8.063442833266530885e-01
2.399999999999999911e-01,8.221921411719526063e-01,8.250528917782746774e-01,8.154623879880571469e-01,8.260611437495258835e-01
2.500000000000000000e-01,8.423722838020220038e-01,8.445034760812789587e-01,8.359670742313554115e-01,8.466463010934315303e-01
2.600000000000000089e-01,8.613742436898345067e-01,8.639023866781364580e-01,8.546828150860324991e-01,8.655375293053346741e-01
2.700000000000000178e-01,8.788629455792354994e-01,8.809741484963666824e-01,8.725060787971612442e-01,8.831086094441785717e-01
2.800000000000000266e-01,8.945540453686217086e-01,8.956629083210957409e-01,8.888213581015396159e-01,8.991778696832299911e-01
2.899999999999999800e-01,9.094083061025525216e-01,9.100018112565260164e-01,9.028898546653140178e-01,9.153332523858177527e-01
2.999999999999999889e-01,9.239837340075135463e-01,9.247597046131221799e-01,9.183413061839753588e-01,9.288501912254432114e-01
3.099999999999999978e-01,9.376166288485107136e-01,9.394270203923138496e-01,9.329547169991130318e-01,9.404681491541052596e-01
3.200000000000000067e-01,9.493213246166618546e-01,9.512804565562653636e-01,9.458605040959479071e-01,9.508230131977726263e-01
3.300000000000000155e-01,9.593993043961562828e-01,9.599359886484886140e-01,9.580283230092161428e-01,9.602336015307643136e-01
3.400000000000000244e-01,9.688151906203271713e-01,9.682604497080676831e-01,9.683067617352367762e-01,9.698783604176770545e-01
3.500000000000000333e-01,9.774328122726521073e-01,9.761097128625875197e-01,9.765726788816174730e-01,9.796160450737515513e-01
3.599999999999999867e-01,9.841363260819900871e-01,9.823456031526053289e-01,9.834003513921961703e-01,9.866630237011685400e-01
3.699999999999999956e-01,9.888186253316533225e-01,9.874681736610527727e-01,9.888779501168570851e-01,9.901097522170503318e-01
3.800000000000000044e-01,9.926634518854043909e-01,9.926883686365173265e-01,9.924601815140670080e-01,9.928418055056288383e-01
3.900000000000000133e-01,9.961895557218229946e-01,9.973146370728271926e-01,9.953638686633848875e-01,9.958901614292566817e-01
4.000000000000000222e-01,9.987098753542970053e-01,9.997840602229964846e-01,9.977624372196656211e-01,9.985831286202290213e-01
4.100000000000000311e-01,9.997386698031132113e-01,9.999733137084001466e-01,9.994005109540732290e-01,9.998421847468664803e-01
4.199999999999999845e-01,9.996372403741663470e-01,9.993817518831208391e-01,9.999348839905366493e-01,9.995950852488417748e-01
4.299999999999999933e-01,9.986810403633423761e-01,9.985518312191351553e-01,9.990964953207777111e-01,9.983947945501145949e-01
4.400000000000000022e-01,9.969753937807134259e-01,9.971159777887138587e-01,9.969510721755803218e-01,9.968591313778463192e-01
4.500000000000000111e-01,9.946189533247967729e-01,9.946919499626460937e-01,9.940615277353761492e-01,9.951033822763680758e-01
4.600000000000000200e-01,9.915684938276698723e-01,9.912078844035490111e-01,9.910855518302537082e-01,9.924120452492067868e-01
4.700000000000000289e-01,9.879348088713529874e-01,9.872721883872830340e-01,9.883732989697509019e-01,9.881589392570250263e-01
4.799999999999999822e-01,9.841913579389229838e-01,9.836558016784292535e-01,9.857384666271737927e-01,9.831798055111662382e-01
4.899999999999999911e-01,9.805726146280783206e-01,9.803870634527602768e-01,9.826780020830935269e-01,9.786527783483811582e-01
5.000000000000000000e-01,9.765355326559728155e-01,9.763888211121826144e-01,9.786951877834255686e-01,9.745225890723102635e-01
5.100000000000000089e-01,9.713497641372148550e-01,9.705460068214487590e-01,9.738670941852306528e-01,9.696361914049649311e-01
5.200000000000000178e-01,9.648821174986915716e-01,9.632186289264146328e-01,9.682013297465049684e-01,9.632263938231548916e-01
5.300000000000000266e-01,9.575447978798033999e-01,9.558758124730497574e-01,9.606994764458285374e-01,9.560591047205319049e-01
5.400000000000000355e-01,9.496713212569206641e-01,9.488670964962125920e-01,9.509631020722144612e-01,9.491837652023347172e-01
5.500000000000000444e-01,9.408102126772036611e-01,9.401334930359269704e-01,9.404685002307829889e-01,9.418286447649010240e-01
5.600000000000000533e-01,9.312312873343735475e-01,9.295168040649152141e-01,9.305768308522579524e-01,9.336002270859478092e-01
5.700000000000000622e-01,9.213861674462719975e-01,9.186098770560103821e-01,9.211188938268024540e-01,9.244297314560030454e-01
5.799999999999999600e-01,9.113491988475774797e-01,9.092024614305880270e-01,9.114749907260665251e-01,9.133701443860778868e-01
5.899999999999999689e-01,9.007601925123513986e-01,9.001256983138168355e-01,9.018802568723610635e-01,9.002746223508761858e-01
5.999999999999999778e-01,8.893772210146652091e-01,8.893920003217482551e-01,8.908532274246891980e-01,8.878864352975577301e-01
6.099999999999999867e-01,8.769056826526210324e-01,8.766404528377383931e-01,8.791271789320171948e-01,8.749494161881077314e-01
6.199999999999999956e-01,8.639383072126406438e-01,8.636344683568853986e-01,8.667797221288752185e-01,8.614007311521610921e-01
6.300000000000000044e-01,8.510973563535121356e-01,8.506492679041137706e-01,8.535493589428342354e-01,8.490934422135881787e-01
6.400000000000000133e-01,8.377243956472714137e-01,8.368085846720236809e-01,8.396223760712526740e-01,8.367422261985377752e-01
6.500000000000000222e-01,8.237765984401025365e-01,8.228090608816609475e-01,8.256509198425201479e-01,8.228698145961265142e-01
6.600000000000000311e-01,8.091085687841856888e-01,8.078793337802169239e-01,8.105301606080350663e-01,8.089162119643050763e-01
6.700000000000000400e-01,7.931110771322927855e-01,7.907839386690397321e-01,7.938212206410263372e-01,7.947280720868123982e-01
6.800000000000000488e-01,7.758758034756914057e-01,7.736694928617515732e-01,7.774177278728776619e-01,7.765401896924452041e-01
6.900000000000000577e-01,7.584895426753727188e-01,7.572472360308598605e-01,7.609298216659429182e-01,7.572915703293157108e-01
7.000000000000000666e-01,7.411693146713137503e-01,7.403911219364502916e-01,7.426692054321907266e-01,7.404476166453000108e-01
7.099999999999999645e-01,7.224414188705979845e-01,7.207087487948101723e-01,7.235795634612603999e-01,7.230359443557231591e-01
7.199999999999999734e-01,7.030882137144245370e-01,7.007127546840484777e-01,7.050751294748351938e-01,7.034767569843901613e-01
7.299999999999999822e-01,6.840542574253407615e-01,6.819915300347280107e-01,6.864422465459052436e-01,6.837289956953890302e-01
7.399999999999999911e-01,6.642338446913506056e-01,6.633770656442958824e-01,6.642618067916175040e-01,6.650626616381385414e-01
7.500000000000000000e-01,6.429537784082600682e-01,6.425592176368012387e-01,6.424119104069159203e-01,6.438902071810632677e-01
7.600000000000000089e-01,6.206101989084213955e-01,6.195277975672756066e-01,6.216364297574924480e-01,6.206663694004962428e-01
7.700000000000000178e-01,5.981793028805090229e-01,5.963875677923605734e-01,6.002481299628573685e-01,5.979022108863092377e-01
7.800000000000000266e-01,5.753730544228554677e-01,5.729129892786525291e-01,5.758414811228246277e-01,5.773646928670893574e-01
7.900000000000000355e-01,5.523595128794612785e-01,5.503486149536019889e-01,5.528489528274793674e-01,5.538809708573022572e-01
8.000000000000000444e-01,5.304150907538630610e-01,5.284657569688483436e-01,5.319300665818489371e-01,5.308494487108921245e-01
8.100000000000000533e-01,5.076300736847483286e-01,5.074987632209538857e-01,5.097234462603895677e-01,5.056680115729014213e-01
8.200000000000000622e-01,4.811350112969958737e-01,4.821039143692878448e-01,4.818060868102933547e-01,4.794950327114065325e-01
8.300000000000000711e-01,4.535742083578861994e-01,4.544276246894577431e-01,4.528370033180810772e-01,4.534579970661197224e-01
8.399999999999999689e-01,4.275573489929224702e-01,4.282211929331748990e-01,4.256569297026573384e-01,4.287939243429349512e-01
8.499999999999999778e-01,4.008392914182385969e-01,4.001117257343262956e-01,3.999531290360548441e-01,4.024530194843346509e-01
8.599999999999999867e-01,3.701090542951133155e-01,3.696618579808384486e-01,3.679631946950209231e-01,3.727021102094804639e-01
8.699999999999999956e-01,3.392656529182922487e-01,3.404341313315296658e-01,3.351789170839983845e-01,3.421839103393487513e-01
8.800000000000000044e-01,3.088709273026117863e-01,3.097329969599563193e-01,3.046192176639905824e-01,3.122605672838884572e-01
8.900000000000000133e-01,2.796108759558645906e-01,2.781352268161248475e-01,2.768337936076851746e-01,2.838636074437836943e-01
9.000000000000000222e-01,2.518479453429915416e-01,2.524985371416823554e-01,2.483893931537178024e-01,2.546559057335744392e-01
9.100000000000000311e-01,2.184554647814613559e-01,2.225939743105691537e-01,2.123538603778284406e-01,2.204185596559864457e-01
9.200000000000000400e-01,1.788197108132221214e-01,1.803219677071596638e-01,1.735504228215883071e-01,1.825867419109183931e-01
9.300000000000000488e-01,1.489948611162341952e-01,1.456342108345149433e-01,1.491261469874268220e-01,1.522242255267607924e-01
9.400000000000000577e-01,1.390568068238176858e-01,1.356547957460380038e-01,1.429632170331426588e-01,1.385524076922724501e-01
9.500000000000000666e-01,1.372494390686948285e-01,1.362018356396612062e-01,1.409871684034993411e-01,1.345593131629239381e-01
9.599999999999999645e-01,1.340376177089547538e-01,1.340676762617404039e-01,1.381207211945300883e-01,1.299244556705937970e-01
9.699999999999999734e-01,1.299017579542832146e-01,1.328726247108941716e-01,1.332431755196954448e-01,1.235894736322600412e-01
9.799999999999999822e-01,1.232002677275468167e-01,1.326347333499161008e-01,1.196276396651870244e-01,1.173384301675373109e-01
9.899999999999999911e-01,1.015495933682963314e-01,1.076525448010116209e-01,9.520591311730512707e-02,1.017903221865722602e-01
1.000000000000000000e+00,6.031935720881028556e-02,6.696837169327515826e-02,6.015774179850773284e-02,5.383195813464796559e-02
