u,media,latido1,latido2
0.000000000000000000e+00,5.002959204958888628e-02,5.000259385011807806e-02,5.005659024905968757e-02
1.000000000000000021e-02,2.263864799442271702e-01,2.265651393095798327e-01,2.262078205788745078e-01
2.000000000000000042e-02,4.186773747834705572e-01,4.130697403358334352e-01,4.242850092311076793e-01
2.999999999999999889e-02,5.436027807039258697e-01,5.262683323749131059e-01,5.609372290329385224e-01
4.000000000000000083e-02,5.364588430078365278e-01,5.231518806201783667e-01,5.497658053954947999e-01
5.000000000000000278e-02,5.401594678399598282e-01,5.296676287360003732e-01,5.506513069439192831e-01
5.999999999999999778e-02,5.699365940238871886e-01,5.596280952676191411e-01,5.802450927801552361e-01
7.000000000000000666e-02,6.094142744456079175e-01,5.987186931811493418e-01,6.201098557100663822e-01
8.000000000000000167e-02,6.443936301536611344e-01,6.338011625656562176e-01,6.549860977416660512e-01
8.999999999999999667e-02,6.715009363870081405e-01,6.641033222297557659e-01,6.788985505442604040e-01
1.000000000000000056e-01,6.902681210647754195e-01,6.803555528269197294e-01,7.001806893026309986e-01
1.100000000000000006e-01,7.172537409045564027e-01,7.050091319997556782e-01,7.294983498093571272e-01
1.199999999999999956e-01,7.445575212947987964e-01,7.323644981933413733e-01,7.567505443962563305e-01
1.300000000000000044e-01,7.659622057878006096e-01,7.570849088856251852e-01,7.748395026899760341e-01
1.400000000000000133e-01,7.818355988614551499e-01,7.737848955294860387e-01,7.898863021934243722e-01
1.499999999999999944e-01,7.969026321706560445e-01,7.895368937529912978e-01,8.042683705883209022e-01
1.600000000000000033e-01,8.156041638043188824e-01,8.092980962389293431e-01,8.219102313697084217e-01
1.700000000000000122e-01,8.303199749681612341e-01,8.257089079002618570e-01,8.349310420360606111e-01
1.799999999999999933e-01,8.419742905663094579e-01,8.395569947284723389e-01,8.443915864041466879e-01
1.900000000000000022e-01,8.542762932331036119e-01,8.542523216108107720e-01,8.543002648553964518e-01
2.000000000000000111e-01,8.669241618686722717e-01,8.718048117512749995e-01,8.620435119860696549e-01
2.099999999999999922e-01,8.733957220848889147e-01,8.788291080263190835e-01,8.679623361434588569e-01
2.200000000000000011e-01,8.766158246581627900e-01,8.821832206654953712e-01,8.710484286508302088e-01
2.300000000000000100e-01,8.849801744119201174e-01,8.965310800089072440e-01,8.734292688149331019e-01
2.399999999999999911e-01,8.993836164522661658e-01,9.178690182788749041e-01,8.808982146256575385e-01
2.500000000000000000e-01,9.120976102080703418e-01,9.322219766889981996e-01,8.919732437271424841e-01
2.600000000000000089e-01,9.158332194996809950e-01,9.264089935076496030e-01,9.052574454917124980e-01
2.700000000000000178e-01,9.225224592843597193e-01,9.256711653421298980e-01,9.193737532265894297e-01
2.800000000000000266e-01,9.324810653796530291e-01,9.349770471022639251e-01,9.299850836570421331e-01
2.899999999999999800e-01,9.428802539597627153e-01,9.492627809676135175e-01,9.364977269519118019e-01
2.999999999999999889e-01,9.475749053649051845e-01,9.609550572359401022e-01,9.341947534938701558e-01
3.099999999999999978e-01,9.495349500370853235e-01,9.625899641620412339e-01,9.364799359121295241e-01
3.200000000000000067e-01,9.556549872441737481e-01,9.630894224341636223e-01,9.482205520541837629e-01
3.300000000000000155e-01,9.643950850041826950e-01,9.642684849185396700e-01,9.645216850898258309e-01
3.400000000000000244e-01,9.725060889699368438e-01,9.673489102077080792e-01,9.776632677321657194e-01
3.500000000000000333e-01,9.775962114398661917e-01,9.748338021024733901e-01,9.803586207772591044e-01
3.599999999999999867e-01,9.835704654284708193e-01,9.859890071917837284e-01,9.811519236651579101e-01
3.699999999999999956e-01,9.878783069942592698e-01,9.952019567237561093e-01,9.805546572647624304e-01
3.800000000000000044e-01,9.879732052764148564e-01,9.996286910828438010e-01,9.763177194699859118e-01
3.900000000000000133e-01,9.853710131908540726e-01,9.990343247975662644e-01,9.717077015841418808e-01
4.000000000000000222e-01,9.840013401954758043e-01,9.969280008250451797e-01,9.710746795659064290e-01
4.100000000000000311e-01,9.839511551958044500e-01,9.944445069965663908e-01,9.734578033950426201e-01
4.199999999999999845e-01,9.841998235727413835e-01,9.923437224959613667e-01,9.760559246495215113e-01
4.299999999999999933e-01,9.847801732254493068e-01,9.917319170596330391e-01,9.778284293912654634e-01
4.400000000000000022e-01,9.860922051652396547e-01,9.920129284703754768e-01,9.801714818601039436e-01
4.500000000000000111e-01,9.888439071307785211e-01,9.917492635870140960e-01,9.859385506745429462e-01
4.600000000000000200e-01,9.893703467183330158e-01,9.875912162037319142e-01,9.911494772329341174e-01
4.700000000000000289e-01,9.859004614062747418e-01,9.774964468978776244e-01,9.943044759146718592e-01
4.799999999999999822e-01,9.811356432891794599e-01,9.638480106832733041e-01,9.984232758950856157e-01
4.899999999999999911e-01,9.653658223218963830e-01,9.503245685183985270e-01,9.804070761253941280e-01
5.000000000000000000e-01,9.499979932620076228e-01,9.463118969757455812e-01,9.536840895482696645e-01
5.100000000000000089e-01,9.424102279432191587e-01,9.530964455648622824e-01,9.317240103215760350e-01
5.200000000000000178e-01,9.416604416940127509e-01,9.611009651138607834e-01,9.222199182741647183e-01
5.300000000000000266e-01,9.463706345134889064e-01,9.627715818089473965e-01,9.299696872180304164e-01
5.400000000000000355e-01,9.388373277910446735e-01,9.605557862380582623e-01,9.171188693440311956e-01
5.500000000000000444e-01,9.300936634220060562e-01,9.637890422620103426e-01,8.963982845820016587e-01
5.600000000000000533e-01,9.236949517896357875e-01,9.695477148798480327e-01,8.778421886994235424e-01
5.700000000000000622e-01,9.207692491996428696e-01,9.731847091931805638e-01,8.683537892061050645e-01
5.799999999999999600e-01,9.160916752687633391e-01,9.612423441434992943e-01,8.709410063940274949e-01
5.899999999999999689e-01,9.057123667893480778e-01,9.349333592300159701e-01,8.764913743486800746e-01
5.999999999999999778e-01,8.946965767134510417e-01,9.086830283955266152e-01,8.807101250313754681e-01
6.099999999999999867e-01,8.834351775707075527e-01,8.878363899052827968e-01,8.790339652361323086e-01
6.199999999999999956e-01,8.747831676176385240e-01,8.773307243487949991e-01,8.722356108864819380e-01
6.300000000000000044e-01,8.673553165973533208e-01,8.712520466690620857e-01,8.634585865256444448e-01
6.400000000000000133e-01,8.631507727328089352e-01,8.651045474923417800e-01,8.611969979732762015e-01
6.500000000000000222e-01,8.527249417380832197e-01,8.569209541883002768e-01,8.485289292878661627e-01
6.600000000000000311e-01,8.369052704845840740e-01,8.470583181333846134e-01,8.267522228357834235e-01
6.700000000000000400e-01,8.237592737056943504e-01,8.352392845098998153e-01,8.122792629014888854e-01
6.800000000000000488e-01,8.192360612816063092e-01,8.282531354975360971e-01,8.102189870656766324e-01
6.900000000000000577e-01,8.239503180819987005e-01,8.253225180261685168e-01,8.225781181378289952e-01
7.000000000000000666e-01,8.193698303044243403e-01,8.174299102880407952e-01,8.213097503208077743e-01
7.099999999999999645e-01,8.034660113456786323e-01,8.036766109057973395e-01,8.032554117855598141e-01
7.199999999999999734e-01,7.879479076426989526e-01,7.995625683552124441e-01,7.763332469301855721e-01
7.299999999999999822e-01,7.783349363300398061e-01,8.065033205071554523e-01,7.501665521529241598e-01
7.399999999999999911e-01,7.708760864821672110e-01,8.060216267028962323e-01,7.357305462614381897e-01
7.500000000000000000e-01,7.602215071490090459e-01,7.930149239196055966e-01,7.274280903784126062e-01
7.600000000000000089e-01,7.478497934323038443e-01,7.675927587945605701e-01,7.281068280700472295e-01
7.700000000000000178e-01,7.350386584147222679e-01,7.544084314181705997e-01,7.156688854112739362e-01
7.800000000000000266e-01,7.199229811867824402e-01,7.423075593687974427e-01,6.975384030047675488e-01
7.900000000000000355e-01,7.023296113836934307e-01,7.237748481273342804e-01,6.808843746400524699e-01
8.000000000000000444e-01,6.879255505872330367e-01,7.080287522882162676e-01,6.678223488862498058e-01
8.100000000000000533e-01,6.817509137426989163e-01,7.039822299233674530e-01,6.595195975620302686e-01
8.200000000000000622e-01,6.753817468573581895e-01,7.044082409833555269e-01,6.463552527313607410e-01
8.300000000000000711e-01,6.605222224171074519e-01,6.913290296909232469e-01,6.297154151432917679e-01
8.399999999999999689e-01,6.425719792093111948e-01,6.656152122907733615e-01,6.195287461278489172e-01
8.499999999999999778e-01,6.168688225650653667e-01,6.355759103072851079e-01,5.981617348228456255e-01
8.599999999999999867e-01,5.903286178073110513e-01,6.066368931640613305e-01,5.740203424505607721e-01
8.699999999999999956e-01,5.647699014324859546e-01,5.760378579939994248e-01,5.535019448709724843e-01
8.800000000000000044e-01,5.308384402157153570e-01,5.377811134294416817e-01,5.238957670019889212e-01
8.900000000000000133e-01,4.956646137562703558e-01,4.990818621624957263e-01,4.922473653500450408e-01
9.000000000000000222e-01,4.630963054939314372e-01,4.707837583351777710e-01,4.554088526526851588e-01
9.100000000000000311e-01,4.365050217224798468e-01,4.452569593224404709e-01,4.277530841225192226e-01
9.200000000000000400e-01,4.224188029174114067e-01,4.228675410420117964e-01,4.219700647928110726e-01
9.300000000000000488e-01,4.023290706928335236e-01,3.917233825514113144e-01,4.129347588342556774e-01
9.400000000000000577e-01,3.653364418051266993e-01,3.663805330379566461e-01,3.642923505722966970e-01
9.500000000000000666e-01,3.202473183128792811e-01,3.360481806900931789e-01,3.044464559356653832e-01
9.599999999999999645e-01,2.783391564648309280e-01,3.022364370600096883e-01,2.544418758696521676e-01
9.699999999999999734e-01,2.706906202262280292e-01,2.928456037068589701e-01,2.485356367455971160e-01
9.799999999999999822e-01,2.336601247702472239e-01,2.469020704088229767e-01,2.204181791316714711e-01
9.899999999999999911e-01,1.512197697310097011e-01,1.621119650235311460e-01,1.403275744384882839e-01
1.000000000000000000e+00,5.790783771801122359e-02,6.214254990146083485e-02,5.367312553456161234e-02
