u,media,latido1,latido2,latido3,latido4
0.000000000000000000e+00,5.000379223475402007e-02,5.000150438000204589e-02,5.000420307349073834e-02,5.000236557882522387e-02,5.000709590669807914e-02
1.000000000000000021e-02,1.608805971353146624e-01,1.693980378394480402e-01,1.527152089054225337e-01,1.603257606617173869e-01,1.610833811346707445e-01
2.000000000000000042e-02,2.675162681743757931e-01,2.931916442707138692e-01,2.437650068730735087e-01,2.641813855250674803e-01,2.689270360286484252e-01
2.999999999999999889e-02,2.958483246795919896e-01,3.359090376393122357e-01,2.594291568184460273e-01,2.824234831904331444e-01,3.056316210701766067e-01
4.000000000000000083e-02,2.826267039791563462e-01,3.262236863927483466e-01,2.457648792907438373e-01,2.638127251901385972e-01,2.947055250429946871e-01
5.000000000000000278e-02,2.686858490810047351e-01,3.186162149373882313e-01,2.313027756257646783e-01,2.464059411053056703e-01,2.784184646555603604e-01
5.999999999999999778e-02,2.553300180493308091e-01,3.044343635776565193e-01,2.168668971739298457e-01,2.368424737106767375e-01,2.631763377350602173e-01
7.000000000000000666e-02,2.560283841878067679e-01,2.924796009519373130e-01,2.218623083243285721e-01,2.475243021563420243e-01,2.622473253186191067e-01
8.000000000000000167e-02,2.818153344574556574e-01,2.997348545587220081e-01,2.573003492633171296e-01,2.822792423748292645e-01,2.879468916329542827e-01
8.999999999999999667e-02,3.301687577202990775e-01,3.367593410780753138e-01,3.117638941956134002e-01,3.331450006442660539e-01,3.390067949632414868e-01
1.000000000000000056e-01,3.908974479304083149e-01,4.002292630910220805e-01,3.715018837079923086e-01,3.893211726239256265e-01,4.025374722986932441e-01
1.100000000000000006e-01,4.503290641262409633e-01,4.661492293538949117e-01,4.265020719163392648e-01,4.461285163011416977e-01,4.625364389335879234e-01
1.199999999999999956e-01,4.998993833892091954e-01,5.152963143102354815e-01,4.792834007151200448e-01,4.969611980777426385e-01,5.080566204537386721e-01
1.300000000000000044e-01,5.497569499250847258e-01,5.625237864149417177e-01,5.324953897497556321e-01,5.479734268266395203e-01,5.560351967090018110e-01
1.400000000000000133e-01,6.046929933816561631e-01,6.166869707900004549e-01,5.900105283897282282e-01,6.006173218430542748e-01,6.114571525038415833e-01
1.499999999999999944e-01,6.616337858699609109e-01,6.717741524522614638e-01,6.463779210309549272e-01,6.606272589230125503e-01,6.677558110736145913e-01
1.600000000000000033e-01,7.139512398245538849e-01,7.176909193959684075e-01,7.016638065109872535e-01,7.170940169212993709e-01,7.193562164699605077e-01
1.700000000000000122e-01,7.618438361099677536e-01,7.657763645670945252e-01,7.514374403168824212e-01,7.637469437519349702e-01,7.664145958039592088e-01
1.799999999999999933e-01,8.089464594763152716e-01,8.162115061006975925e-01,8.005875546685197186e-01,8.071038798895645572e-01,8.118828972464789961e-01
1.900000000000000022e-01,8.534985615639991696e-01,8.615944742263249578e-01,8.466802262969207460e-01,8.498377173484880087e-01,8.558818283842630770e-01
2.000000000000000111e-01,8.932573755900735657e-01,8.988658868368769594e-01,8.891994256789559348e-01,8.905859424603684849e-01,8.943782473840928837e-01
2.099999999999999922e-01,9.248667334036102528e-01,9.272612292567935510e-01,9.229705402485408605e-01,9.233511408544867738e-01,9.258840232546192706e-01
2.200000000000000011e-01,9.493105940140972310e-01,9.500463644242317374e-01,9.460185267143251808e-01,9.491696824565230006e-01,9.520078024613088941e-01
2.300000000000000100e-01,9.687704029410617590e-01,9.687414325292857953e-01,9.642629607603074859e-01,9.686876802153409072e-01,9.733895382593125145e-01
2.399999999999999911e-01,9.833566975754357564e-01,9.817084849893921161e-01,9.792253460548445698e-01,9.831312541092768198e-01,9.893617051482290758e-01
2.500000000000000000e-01,9.926728271643927570e-01,9.902121263369660920e-01,9.902235857707516464e-01,9.928195108235512434e-01,9.974360857263021574e-01
2.600000000000000089e-01,9.974713384733517874e-01,9.952758040377526205e-01,9.968205112444893379e-01,9.979790284070388928e-01,9.998100102041265203e-01
2.700000000000000178e-01,9.991860527127411906e-01,9.985759499355508773e-01,9.995297320191262047e-01,9.997611031772672963e-01,9.988774257190204953e-01
2.800000000000000266e-01,9.991692570706359744e-01,9.999741812602552793e-01,9.998928094446599690e-01,9.997959550361844583e-01,9.970140825414440799e-01
2.899999999999999800e-01,9.981556558029781590e-01,9.993511657673588289e-01,9.993974988856170194e-01,9.988475502918783278e-01,9.950264082670585708e-01
2.999999999999999889e-01,9.962935323718126179e-01,9.966177043175409311e-01,9.987041823437339261e-01,9.969859601242839764e-01,9.928662827016915271e-01
3.099999999999999978e-01,9.934895604834381722e-01,9.918519051706683465e-01,9.975246945647907593e-01,9.943719346011007376e-01,9.902097075971931783e-01
3.200000000000000067e-01,9.898114730919690407e-01,9.860688719115109357e-01,9.953035318912074603e-01,9.914574710568536675e-01,9.864160175083044324e-01
3.300000000000000155e-01,9.853806044772499551e-01,9.805914619838336233e-01,9.913730727923979469e-01,9.884065155657634216e-01,9.811513675670049395e-01
3.400000000000000244e-01,9.802324008866162286e-01,9.757294920813120997e-01,9.858737018481084080e-01,9.849732153402622759e-01,9.743531942767820198e-01
3.500000000000000333e-01,9.744510216946727921e-01,9.708298514924095235e-01,9.790578733227512931e-01,9.807551627509032421e-01,9.671611992126271096e-01
3.599999999999999867e-01,9.679013435821935962e-01,9.649875205726026195e-01,9.706878774347325045e-01,9.754640890643248019e-01,9.604658872571145700e-01
3.699999999999999956e-01,9.606177467403330672e-01,9.580369419352432470e-01,9.616924910052651043e-01,9.684712163328609291e-01,9.542703376879632104e-01
3.800000000000000044e-01,9.525220506275948740e-01,9.500597737985099211e-01,9.533666861467048337e-01,9.587455531322939262e-01,9.479161894328707039e-01
3.900000000000000133e-01,9.436531573396302885e-01,9.411615153239201170e-01,9.454833708443226570e-01,9.468630719269099938e-01,9.411046712633687195e-01
4.000000000000000222e-01,9.342746973814088918e-01,9.320483710551896728e-01,9.363984228847302971e-01,9.350954118138121718e-01,9.335565837719033144e-01
4.100000000000000311e-01,9.247934095110589281e-01,9.235697522122218173e-01,9.260831523189365644e-01,9.246075613179686181e-01,9.249131721951090457e-01
4.199999999999999845e-01,9.152908616405470710e-01,9.151297474936012089e-01,9.155864393400521273e-01,9.150134074968023778e-01,9.154338522317325699e-01
4.299999999999999933e-01,9.054218331035850387e-01,9.048404857928070699e-01,9.056848304383379178e-01,9.056719128961624454e-01,9.054901032870324995e-01
4.400000000000000022e-01,8.947112121855386180e-01,8.918902863683201288e-01,8.961132406410681206e-01,8.963794278952106342e-01,8.944618938375552553e-01
4.500000000000000111e-01,8.827049486795784938e-01,8.775516164303064359e-01,8.855954711102608234e-01,8.863460520804403719e-01,8.813266550973061220e-01
4.600000000000000200e-01,8.697866877777139516e-01,8.638939539181860194e-01,8.729364804512040887e-01,8.755771979270616789e-01,8.667391188144040193e-01
4.700000000000000289e-01,8.561835965608735055e-01,8.510454520033597925e-01,8.589110466049643122e-01,8.629471518363218685e-01,8.518307357988483819e-01
4.799999999999999822e-01,8.421092471258920797e-01,8.382900140338537254e-01,8.456329166718090651e-01,8.468739232245231507e-01,8.376401345733825998e-01
4.899999999999999911e-01,8.279518058319945695e-01,8.252004625391247128e-01,8.337884656612540857e-01,8.291222851275078520e-01,8.236960100000916274e-01
5.000000000000000000e-01,8.140078668192938238e-01,8.122155563580424342e-01,8.207656490768138191e-01,8.126140708767390919e-01,8.104361909655801721e-01
5.100000000000000089e-01,7.989321439035309558e-01,7.973121847622353098e-01,8.035068459556007348e-01,7.975291206166914559e-01,7.973804242795964337e-01
5.200000000000000178e-01,7.827875816203361259e-01,7.795557302651239251e-01,7.840330082521329569e-01,7.834457571207680271e-01,7.841158308433197055e-01
5.300000000000000266e-01,7.663581854721244202e-01,7.622339432334199749e-01,7.665153467966737688e-01,7.686174737870860030e-01,7.680659780713179341e-01
5.400000000000000355e-01,7.502268555423812213e-01,7.477798812460143552e-01,7.522572317173175094e-01,7.523595645706615542e-01,7.485107446355316885e-01
5.500000000000000444e-01,7.330630400068799402e-01,7.339838839951613458e-01,7.367688583650833234e-01,7.339107373100173248e-01,7.275886803572580996e-01
5.600000000000000533e-01,7.141610473166762896e-01,7.162976797027785780e-01,7.164335008270041882e-01,7.152032910549883660e-01,7.087097176819341371e-01
5.700000000000000622e-01,6.949793497168172962e-01,6.947119141739396264e-01,6.959248213477589040e-01,6.966211325612653438e-01,6.926595307843051996e-01
5.799999999999999600e-01,6.762731199871162557e-01,6.730170315187736785e-01,6.774736488576109661e-01,6.783457359242682783e-01,6.762560636478117670e-01
5.899999999999999689e-01,6.589129240049009795e-01,6.547312678132108932e-01,6.610610973473488583e-01,6.606926829922948885e-01,6.591666478667492779e-01
5.999999999999999778e-01,6.418372772440313900e-01,6.390646692675974183e-01,6.437438437446564299e-01,6.433525438683336262e-01,6.411880520955383078e-01
6.099999999999999867e-01,6.239536537827470308e-01,6.219420124735681732e-01,6.261742834109819134e-01,6.254879178315017052e-01,6.222104014149362206e-01
6.199999999999999956e-01,6.043527021753787309e-01,6.018288375252422995e-01,6.067671358373574186e-01,6.067284471383492805e-01,6.020863882005657031e-01
6.300000000000000044e-01,5.838121885172443681e-01,5.805610784005275082e-01,5.850906383515974696e-01,5.877143676370343295e-01,5.818826696798179432e-01
6.400000000000000133e-01,5.640346832011019496e-01,5.617491722095060425e-01,5.632590181115045835e-01,5.688245579748105740e-01,5.623059845085864872e-01
6.500000000000000222e-01,5.450287389061367893e-01,5.431304584814001801e-01,5.439123922049696747e-01,5.491120224740744238e-01,5.439600824641026566e-01
6.600000000000000311e-01,5.266783183741134966e-01,5.242719093062846447e-01,5.273324624950261885e-01,5.287483421214397294e-01,5.263605595737033127e-01
6.700000000000000400e-01,5.082813938629062722e-01,5.046497494054381638e-01,5.102706254754761916e-01,5.104396559185888638e-01,5.077655446521216476e-01
6.800000000000000488e-01,4.899365780091591849e-01,4.878557268092878485e-01,4.892363394837325186e-01,4.939876171277786110e-01,4.886666286158376504e-01
6.900000000000000577e-01,4.702324185318247918e-01,4.682038285958219914e-01,4.658313454139369481e-01,4.774636254097859300e-01,4.694308747077542976e-01
7.000000000000000666e-01,4.486801718008933682e-01,4.472140765455331346e-01,4.435187070476235283e-01,4.560187773640068110e-01,4.479691262464099433e-01
7.099999999999999645e-01,4.263300328192525246e-01,4.253640264112658054e-01,4.224948149380590157e-01,4.323782371526331825e-01,4.250830527750519838e-01
7.199999999999999734e-01,4.048110728844364070e-01,4.042224677316866299e-01,4.023006510631310095e-01,4.099590604289087836e-01,4.027621123140192050e-01
7.299999999999999822e-01,3.832802875586370228e-01,3.807658425671269220e-01,3.808061776112366403e-01,3.893745378461516138e-01,3.821745922100327486e-01
7.399999999999999911e-01,3.617921890850453459e-01,3.570549457357040102e-01,3.599940161981953213e-01,3.687146649674492016e-01,3.614051294388326840e-01
7.500000000000000000e-01,3.405171539401668501e-01,3.360317066809405673e-01,3.375096551020362878e-01,3.480583541601203201e-01,3.404688998175702808e-01
7.600000000000000089e-01,3.206360283542979417e-01,3.167207680474151132e-01,3.183777203787940269e-01,3.283965801587311328e-01,3.190490448322513273e-01
7.700000000000000178e-01,3.008710197076245318e-01,2.973639682980887544e-01,3.016875708367601217e-01,3.082067500152590456e-01,2.962257896803900947e-01
7.800000000000000266e-01,2.825870816430326449e-01,2.790045893878067007e-01,2.854873975046027801e-01,2.895283857231609193e-01,2.763279539565602350e-01
7.900000000000000355e-01,2.651995138824861376e-01,2.625750706582756777e-01,2.659333042964276417e-01,2.711802323766324130e-01,2.611094481986089288e-01
8.000000000000000444e-01,2.481942371161179883e-01,2.459995420257717891e-01,2.468607238934556469e-01,2.520482186797866619e-01,2.478684638654577721e-01
8.100000000000000533e-01,2.319468206634881235e-01,2.288900443398595441e-01,2.313938370050016569e-01,2.337110261005539702e-01,2.337923752085373230e-01
8.200000000000000622e-01,2.175682891312590017e-01,2.148600962734107944e-01,2.170304423029698615e-01,2.190907253475589400e-01,2.192918926010963832e-01
8.300000000000000711e-01,2.034171158818302849e-01,2.041509609197823538e-01,2.001887331984177343e-01,2.038965917463828881e-01,2.054321776627381357e-01
8.399999999999999689e-01,1.861005039435436048e-01,1.880535196760712291e-01,1.813366921746234206e-01,1.852129997744295931e-01,1.897988041490502042e-01
8.499999999999999778e-01,1.670669741390453655e-01,1.672744126849319557e-01,1.636717616356205551e-01,1.654673999595979439e-01,1.718543222760310629e-01
8.599999999999999867e-01,1.496178766188105691e-01,1.476553769576446906e-01,1.488389434198374994e-01,1.488918464666205144e-01,1.530853396311395720e-01
8.699999999999999956e-01,1.370584870259410060e-01,1.349447496010173497e-01,1.372717333139314710e-01,1.361891461641561996e-01,1.398283190246589758e-01
8.800000000000000044e-01,1.267252227854432090e-01,1.220624644682005155e-01,1.291638141922829275e-01,1.255822893410438457e-01,1.300923231402455194e-01
8.900000000000000133e-01,1.154591780187887162e-01,1.079718444313129688e-01,1.220669894736001737e-01,1.144327820706697724e-01,1.173650960995719500e-01
9.000000000000000222e-01,1.024467658035944639e-01,9.458245211439592071e-02,1.126898498962902589e-01,1.011572128498090944e-01,1.013575483538825817e-01
9.100000000000000311e-01,9.107791140076890168e-02,8.511856092630459836e-02,1.024154257290437048e-01,8.873970642250772478e-02,8.803795252521956494e-02
9.200000000000000400e-01,8.464166947362102011e-02,7.974661641336221185e-02,9.529188969953479582e-02,8.188631270794226313e-02,8.164185907364479577e-02
9.300000000000000488e-01,8.254548133489175710e-02,7.785850328393277564e-02,9.136735589244844580e-02,8.066317203143136272e-02,8.029289413175444423e-02
9.400000000000000577e-01,8.137073180183466981e-02,7.767944544059748879e-02,8.774165294723747233e-02,8.078968661377478044e-02,7.927214220572893766e-02
9.500000000000000666e-01,7.963990941225675135e-02,7.747468535852573834e-02,8.441016932037186116e-02,7.995837101182501350e-02,7.671641195830439242e-02
9.599999999999999645e-01,7.769226990909552932e-02,7.721578902962047963e-02,8.162176162751900999e-02,7.813580292172689346e-02,7.379572605751569259e-02
9.699999999999999734e-01,7.545037692336870050e-02,7.755380235005804312e-02,7.771033265234499054e-02,7.641539846204706277e-02,7.012197422902466393e-02
9.799999999999999822e-01,7.427860005514172470e-02,8.024456749214636808e-02,7.330755331737374980e-02,7.582552733814842960e-02,6.773675207289836520e-02
9.899999999999999911e-01,7.560356847180291218e-02,7.943268870595895925e-02,7.558428347756319943e-02,7.723809162084740998e-02,7.015921008284203841e-02
1.000000000000000000e+00,5.230157225848124786e-02,5.217919727878575498e-02,5.378089954528574718e-02,5.286217833836875934e-02,5.038401387148471605e-02
